"a0","deriv_lc","second_deriv_lc"
0,-70.4482498514276,1511.01885920871
0.05,-34.9498100009691,338.011959551993
5.025,74.3059677398713,4.82550045021981
2.5375,57.2547464994869,10.8306230566668
1.29375,40.2720010500649,19.0860162603146
0.671875,24.311635587202,36.8981358633899
0.3609375,8.59967354559058,66.9774941323488
0.20546875,-4.93953985934935,121.828795245021
0.51640625,17.6776264749391,47.6920874932343
0.76640625,27.407103687479,34.4410262507239
10,91.5068408494867,2.45771030112519
