"a0","deriv_lc","second_deriv_lc"
0,-65.8680819061116,1045.92229379391
0.05,-35.7890799553347,344.340300830728
5.025,74.2364705873912,4.90536091987178
2.5375,57.1875695224256,10.5157944504836
1.29375,40.3795696761187,18.0366689179639
0.671875,24.161739192723,37.3967885401535
0.3609375,8.31623660777896,67.9286726233018
0.20546875,-5.04959106495414,112.48344353763
0.51640625,17.3250851812157,45.8495187058656
0.76640625,27.3380939186125,34.0303122157289
10,91.492966763847,2.55222145541302
